INSERT INTO `departamento` (`id`, `nombre`, `codigo_departamento`) VALUES
(1, 'Antioquia', '05'),
(2, 'Atlantico', '08'),
(3, 'D. C. Santa Fe de Bogotá', '11'),
(4, 'Bolivar', '13'),
(5, 'Boyaca', '15'),
(6, 'Caldas', '17'),
(7, 'Caqueta', '18'),
(8, 'Cauca', '19'),
(9, 'Cesar', '20'),
(10, 'Cordoba', '23'),
(11, 'Cundinamarca', '25'),
(12, 'Choco', '27'),
(13, 'Huila', '41'),
(14, 'La Guajira', '44'),
(15, 'Magdalena', '47'),
(16, 'Meta', '50'),
(17, 'Nariño', '52'),
(18, 'Norte de Santander', '54'),
(19, 'Quindio', '63'),
(20, 'Risaralda', '66'),
(21, 'Santander', '68'),
(22, 'Sucre', '70'),
(23, 'Tolima', '73'),
(24, 'Valle', '76'),
(25, 'Arauca', '81'),
(26, 'Casanare', '85'),
(27, 'Putumayo', '86'),
(28, 'San Andres', '88'),
(29, 'Amazonas', '91'),
(30, 'Guainia', '94'),
(31, 'Guaviare', '95'),
(32, 'Vaupes', '97'),
(33, 'Vichada', '99');

INSERT INTO `lesionado` (`id`, `rango_edad`) VALUES
(1, '0-5'),
(2, '6-10'),
(3, '11-15'),
(4, '16-20'),
(5, '21-25'),
(6, '26-30'),
(7, '31-35'),
(8, '36-40'),
(9, '41-45'),
(10, '46-50'),
(11, '51-55'),
(12, '56-60'),
(13, '61-65'),
(14, '66-70'),
(15, '71-75'),
(16, '76-80'),
(17, '81-85'),
(18, '86-90'),
(19, '91-95'),
(20, '96-100');

-- Tupla de municipios actualizada

INSERT INTO `municipio` (`id`, `codigo_municipio`,`nombre`,`id_departamento`) VALUES
(1,'05002',Abejorral,1),
(2,'54003',Abrego,18),
(3,'50006',Acacias,16),
(4,'41006',Acevedo,13),
(5,'41013',Agrado,13),
(6,'25001',Agua De Dios,11),
(7,'20011',Aguachica,9),
(8,'68013',Aguada,21),
(9,'17013',Aguadas,6),
(10,'85010',Aguazul,26),
(11,'20013',Agustin Codazzi,9),
(12,'41016',Aipe,13),
(13,'52019',Alban,17),
(14,'25019',Alban,11),
(15,'18029',Albania,7),
(16,'44035',Albania,14),
(17,'76020',Alcala,24),
(18,'52022',Aldana,17),
(19,'05021',Alejandria,1),
(20,'47030',Algarrobo,15),
(21,'41020',Algeciras,13),
(22,'19022',Almaguer,8),
(23,'73024',Alpujarra,23),
(24,'41026',Altamira,13),
(25,'73026',Alvarado,23),
(26,'05030',Amaga,1),
(27,'05031',Amalfi,1),
(28,'73030',Ambalema,23),
(29,'25035',Anapoima,11),
(30,'52036',Ancuya,17),
(31,'76036',Andalucia,24),
(32,'05034',Andes,1),
(33,'05036',Angelopolis,1),
(34,'05038',Angostura,1),
(35,'25040',Anolaima,11),
(36,'05040',Anori,1),
(37,'17042',Anserma,6),
(38,'76041',Ansermanuevo,24),
(39,'73043',Anzoategui,23),
(40,'05045',Apartado,1),
(41,'66045',Apia,20),
(42,'25599',Apulo,11),
(43,'15047',Aquitania,5),
(44,'47053',Aracataca,15),
(45,'17050',Aranzazu,6),
(46,'68051',Aratoca,21),
(47,'81001',Arauca,25),
(48,'81065',Arauquita,25),
(49,'25053',Arbelaez,11),
(50,'54051',Arboledas,18),
(51,'05051',Arboletes,1),
(52,'15051',Arcabuco,5),
(53,'19050',Argelia,8),
(54,'76054',Argelia,24),
(55,'05055',Argelia,1),
(56,'47058',Ariguani,15),
(57,'13052',Arjona,4),
(58,'63001',Armenia,19),
(59,'05059',Armenia,1),
(60,'73055',Armero,23),
(61,'13062',Arroyohondo,4),
(62,'20032',Astrea,9),
(63,'73067',Ataco,23),
(64,'27050',Atrato,12),
(65,'23068',Ayapel,10),
(66,'19075',Balboa,8),
(67,'66075',Balboa,20),
(68,'08078',Baranoa,2),
(69,'41078',Baraya,13),
(70,'52079',Barbacoas,17),
(71,'68077',Barbosa,21),
(72,'05079',Barbosa,1),
(73,'68079',Barichara,21),
(74,'50110',Barranca De Upia,16),
(75,'68081',Barrancabermeja,21),
(76,'44078',Barrancas,14),
(77,'13074',Barranco De Loba,4),
(78,'08001',Barranquilla,2),
(79,'20045',Becerril,9),
(80,'17088',Belalcazar,6),
(81,'15087',Belen,5),
(82,'18094',Belen De Los Andaquies,7),
(83,'66088',Belen De Umbria,20),
(84,'05088',Bello,1),
(85,'05086',Belmira,1),
(86,'25086',Beltran,11),
(87,'15090',Berbeo,5),
(88,'05091',Betania,1),
(89,'15092',Beteitiva,5),
(90,'68092',Betulia,21),
(91,'05093',Betulia,1),
(92,'25095',Bituima,11),
(93,'15097',Boavita,5),
(94,'54099',Bochalema,18),
(95,'11001',Bogota, D.C.,3),
(96,'25099',Bojaca,11),
(97,'68101',Bolivar,21),
(98,'76100',Bolivar,24),
(99,'19100',Bolivar,8),
(100,'20060',Bosconia,9),
(101,'15104',Boyaca,5),
(102,'05107',Briceno,1),
(103,'68001',Bucaramanga,21),
(104,'54109',Bucarasica,18),
(105,'76109',Buenaventura,24),
(106,'15109',Buenavista,5),
(107,'23079',Buenavista,10),
(108,'63111',Buenavista,19),
(109,'70110',Buenavista,22),
(110,'19110',Buenos Aires,8),
(111,'52110',Buesaco,17),
(112,'76113',Bugalagrande,24),
(113,'05113',Buritica,1),
(114,'15114',Busbanza,5),
(115,'25120',Cabrera,11),
(116,'50124',Cabuyaro,16),
(117,'05120',Caceres,1),
(118,'25123',Cachipay,11),
(119,'54128',Cachira,18),
(120,'54125',Cacota,18),
(121,'05125',Caicedo,1),
(122,'76122',Caicedonia,24),
(123,'70124',Caimito,22),
(124,'73124',Cajamarca,23),
(125,'19130',Cajibio,8),
(126,'25126',Cajica,11),
(127,'13140',Calamar,4),
(128,'95015',Calamar,31),
(129,'63130',Calarca,19),
(130,'05129',Caldas,1),
(131,'19137',Caldono,8),
(132,'76001',Cali,24),
(133,'68132',California,21),
(134,'76126',Calima,24),
(135,'19142',Caloto,8),
(136,'05134',Campamento,1),
(137,'08137',Campo La Cruz,2),
(138,'41132',Campoalegre,13),
(139,'23090',Canalete,10),
(140,'05138',Canasgordas,1),
(141,'76130',Candelaria,24),
(142,'13160',Cantagallo,4),
(143,'25148',Caparrapi,11),
(144,'68147',Capitanejo,21),
(145,'25151',Caqueza,11),
(146,'68152',Carcasi,21),
(147,'05147',Carepa,1),
(148,'73148',Carmen De Apicala,23),
(149,'25154',Carmen De Carupa,11),
(150,'05150',Carolina,1),
(151,'13001',Cartagena,4),
(152,'18150',Cartagena Del Chaira,7),
(153,'76147',Cartago,24),
(154,'73152',Casabianca,23),
(155,'50150',Castilla La Nueva,16),
(156,'05154',Caucasia,1),
(157,'23162',Cerete,10),
(158,'15162',Cerinza,5),
(159,'68162',Cerrito,21),
(160,'27160',Certegui,12),
(161,'52240',Chachagüi,17),
(162,'25168',Chaguani,11),
(163,'85015',Chameza,26),
(164,'73168',Chaparral,23),
(165,'68167',Charala,21),
(166,'68169',Charta,21),
(167,'25175',Chia,11),
(168,'05172',Chigorodo,1),
(169,'23168',Chima,10),
(170,'68176',Chima,21),
(171,'20175',Chimichagua,9),
(172,'54172',Chinacota,18),
(173,'15172',Chinavita,5),
(174,'17174',Chinchina,6),
(175,'23182',Chinu,10),
(176,'25178',Chipaque,11),
(177,'68179',Chipata,21),
(178,'15176',Chiquinquira,5),
(179,'15232',Chiquiza,5),
(180,'20178',Chiriguana,9),
(181,'15180',Chiscas,5),
(182,'15183',Chita,5),
(183,'54174',Chitaga,18),
(184,'15185',Chitaraque,5),
(185,'15187',Chivata,5),
(186,'47170',Chivolo,15),
(187,'15236',Chivor,5),
(188,'25181',Choachi,11),
(189,'25183',Choconta,11),
(190,'13188',Cicuco,4),
(191,'47189',Cienaga,15),
(192,'23189',Cienaga De Oro,10),
(193,'15189',Cienega,5),
(194,'68190',Cimitarra,21),
(195,'63190',Circasia,19),
(196,'05190',Cisneros,1),
(197,'05101',Ciudad Bolivar,1),
(198,'13222',Clemencia,4),
(199,'05197',Cocorna,1),
(200,'73200',Coello,23),
(201,'25200',Cogua,11),
(202,'41206',Colombia,13),
(203,'52203',Colon,17),
(204,'86219',Colon,27),
(205,'70204',Coloso,22),
(206,'15204',Combita,5),
(207,'68207',Concepcion,21),
(208,'05209',Concordia,1),
(209,'27205',Condoto,12),
(210,'68209',Confines,21),
(211,'52207',Consaca,17),
(212,'52210',Contadero,17),
(213,'54206',Convencion,18),
(214,'05212',Copacabana,1),
(215,'63212',Cordoba,19),
(216,'52215',Cordoba,17),
(217,'13212',Cordoba,4),
(218,'19212',Corinto,8),
(219,'68217',Coromoro,21),
(220,'70215',Corozal,22),
(221,'15215',Corrales,5),
(222,'25214',Cota,11),
(223,'23300',Cotorra,10),
(224,'15218',Covarachia,5),
(225,'70221',Coveñas,22),
(226,'73217',Coyaima,23),
(227,'81220',Cravo Norte,25),
(228,'52224',Cuaspud,17),
(229,'15224',Cucaita,5),
(230,'25224',Cucunuba,11),
(231,'54001',Cucuta,18),
(232,'54223',Cucutilla,18),
(233,'15226',Cuitiva,5),
(234,'50226',Cumaral,16),
(235,'99773',Cumaribo,33),
(236,'52227',Cumbal,17),
(237,'52233',Cumbitara,17),
(238,'73226',Cunday,23),
(239,'18205',Curillo,7),
(240,'68229',Curiti,21),
(241,'20228',Curumani,9),
(242,'05234',Dabeiba,1),
(243,'76233',Dagua,24),
(244,'44090',Dibulla,14),
(245,'44098',Distraccion,14),
(246,'73236',Dolores,23),
(247,'05237',Don Matias,1),
(248,'66170',Dosquebradas,20),
(249,'15238',Duitama,5),
(250,'54239',Durania,18),
(251,'05240',Ebejico,1),
(252,'76243',El Aguila,24),
(253,'05250',El Bagre,1),
(254,'47245',El Banco,15),
(255,'76246',El Cairo,24),
(256,'50245',El Calvario,16),
(257,'54245',El Carmen,18),
(258,'27245',El Carmen De Atrato,12),
(259,'13244',El Carmen De Bolivar,4),
(260,'68235',El Carmen De Chucuri,21),
(261,'05148',El Carmen Viboral,1),
(262,'50251',El Castillo,16),
(263,'76248',El Cerrito,24),
(264,'25245',El Colegio,11),
(265,'20238',El Copey,9),
(266,'18247',El Doncello,7),
(267,'50270',El Dorado,16),
(268,'76250',El Dovio,24),
(269,'68245',El Guacamayo,21),
(270,'44110',El Molino,14),
(271,'20250',El Paso,9),
(272,'18256',El Paujil,7),
(273,'52254',El Peñol,17),
(274,'68250',El Peñon,21),
(275,'25258',El Peñon,11),
(276,'13268',El Peñon,4),
(277,'47258',El Piñon,15),
(278,'68255',El Playon,21),
(279,'47268',El Reten,15),
(280,'95025',El Retorno,31),
(281,'25260',El Rosal,11),
(282,'52256',El Rosario,17),
(283,'05697',El Santuario,1),
(284,'19256',El Tambo,8),
(285,'52260',El Tambo,17),
(286,'54250',El Tarra,18),
(287,'54261',El Zulia,18),
(288,'41244',Elias,13),
(289,'05264',Entrerrios,1),
(290,'05266',Envigado,1),
(291,'73268',Espinal,23),
(292,'25269',Facatativa,11),
(293,'73270',Falan,23),
(294,'17272',Filadelfia,6),
(295,'63272',Filandia,19),
(296,'15272',Firavitoba,5),
(297,'73275',Flandes,23),
(298,'18001',Florencia,7),
(299,'19290',Florencia,8),
(300,'15276',Floresta,5),
(301,'68271',Florian,21),
(302,'76275',Florida,24),
(303,'68276',Floridablanca,21),
(304,'25279',Fomeque,11),
(305,'44279',Fonseca,14),
(306,'81300',Fortul,25),
(307,'25281',Fosca,11),
(308,'05282',Fredonia,1),
(309,'73283',Fresno,23),
(310,'05284',Frontino,1),
(311,'50287',Fuente De Oro,16),
(312,'47288',Fundacion,15),
(313,'52287',Funes,17),
(314,'25286',Funza,11),
(315,'25288',Fuquene,11),
(316,'25290',Fusagasuga,11),
(317,'25293',Gachala,11),
(318,'25295',Gachancipa,11),
(319,'15293',Gachantiva,5),
(320,'25297',Gacheta,11),
(321,'68296',Galan,21),
(322,'08296',Galapa,2),
(323,'70235',Galeras,22),
(324,'20295',Gamarra,9),
(325,'68298',Gambita,21),
(326,'15296',Gameza,5),
(327,'15299',Garagoa,5),
(328,'41298',Garzon,13),
(329,'63302',Genova,19),
(330,'41306',Gigante,13),
(331,'76306',Ginebra,24),
(332,'05306',Giraldo,1),
(333,'25307',Girardot,11),
(334,'05308',Girardota,1),
(335,'68307',Giron,21),
(336,'05310',Gomez Plata,1),
(337,'20310',Gonzalez,9),
(338,'54313',Gramalote,18),
(339,'50313',Granada,16),
(340,'25312',Granada,11),
(341,'05313',Granada,1),
(342,'68318',Guaca,21),
(343,'76318',Guacari,24),
(344,'19300',Guachene,8),
(345,'25317',Guacheta,11),
(346,'52317',Guachucal,17),
(347,'76111',Guadalajara De Buga,24),
(348,'68320',Guadalupe,21),
(349,'05315',Guadalupe,1),
(350,'41319',Guadalupe,13),
(351,'25320',Guaduas,11),
(352,'52320',Guaitarilla,17),
(353,'52323',Gualmatan,17),
(354,'47318',Guamal,15),
(355,'50318',Guamal,16),
(356,'73319',Guamo,23),
(357,'68322',Guapota,21),
(358,'05318',Guarne,1),
(359,'25322',Guasca,11),
(360,'05321',Guatape,1),
(361,'25324',Guataqui,11),
(362,'25326',Guatavita,11),
(363,'15322',Guateque,5),
(364,'66318',Guatica,20),
(365,'68324',Guavata,21),
(366,'25328',Guayabal De Siquima,11),
(367,'25335',Guayabetal,11),
(368,'15325',Guayata,5),
(369,'68327',Güepsa,21),
(370,'25339',Gutierrez,11),
(371,'13300',Hatillo De Loba,4),
(372,'68344',Hato,21),
(373,'85125',Hato Corozal,26),
(374,'44378',Hatonuevo,14),
(375,'05347',Heliconia,1),
(376,'54347',Herran,18),
(377,'73347',Herveo,23),
(378,'05353',Hispania,1),
(379,'41349',Hobo,13),
(380,'73349',Honda,23),
(381,'73001',Ibague,23),
(382,'73352',Icononzo,23),
(383,'52352',Iles,17),
(384,'52354',Imues,17),
(385,'94001',Inirida,30),
(386,'19355',Inza,8),
(387,'52356',Ipiales,17),
(388,'41359',Isnos,13),
(389,'27361',Istmina,12),
(390,'05360',Itagui,1),
(391,'05361',Ituango,1),
(392,'15362',Iza,5),
(393,'76364',Jamundi,24),
(394,'05364',Jardin,1),
(395,'15367',Jenesano,5),
(396,'05368',Jerico,1),
(397,'25368',Jerusalen,11),
(398,'68368',Jesus Maria,21),
(399,'08372',Juan Acosta,2),
(400,'25372',Junin,11),
(401,'23350',La Apartada,10),
(402,'41378',La Argentina,13),
(403,'25377',La Calera,11),
(404,'15380',La Capilla,5),
(405,'05376',La Ceja,1),
(406,'66383',La Celia,20),
(407,'52378',La Cruz,17),
(408,'76377',La Cumbre,24),
(409,'17380',La Dorada,6),
(410,'54385',La Esperanza,18),
(411,'05380',La Estrella,1),
(412,'52381',La Florida,17),
(413,'20383',La Gloria,9),
(414,'20400',La Jagua De Ibirico,9),
(415,'44420',La Jagua Del Pilar,14),
(416,'52385',La Llanada,17),
(417,'50350',La Macarena,16),
(418,'17388',La Merced,6),
(419,'25386',La Mesa,11),
(420,'18410',La Montañita,7),
(421,'68397',La Paz,21),
(422,'20621',La Paz,9),
(423,'25398',La Peña,11),
(424,'05390',La Pintada,1),
(425,'41396',La Plata,13),
(426,'54398',La Playa,18),
(427,'85136',La Salina,26),
(428,'19392',La Sierra,8),
(429,'63401',La Tebaida,19),
(430,'76400',La Union,24),
(431,'05400',La Union,1),
(432,'52399',La Union,17),
(433,'25402',La Vega,11),
(434,'19397',La Vega,8),
(435,'76403',La Victoria,24),
(436,'66400',La Virginia,20),
(437,'54377',Labateca,18),
(438,'68385',Landazuri,21),
(439,'68406',Lebrija,21),
(440,'52405',Leiva,17),
(441,'50400',Lejanias,16),
(442,'25407',Lenguazaque,11),
(443,'73408',Lerida,23),
(444,'91001',Leticia,29),
(445,'73411',Libano,23),
(446,'23417',Lorica,10),
(447,'52418',Los Andes,17),
(448,'23419',Los Cordobas,10),
(449,'70418',Los Palmitos,22),
(450,'54405',Los Patios,18),
(451,'68418',Los Santos,21),
(452,'54418',Lourdes,18),
(453,'08421',Luruaco,2),
(454,'05425',Maceo,1),
(455,'25426',Macheta,11),
(456,'25430',Madrid,11),
(457,'13430',Magangue,4),
(458,'13433',Mahates,4),
(459,'44430',Maicao,14),
(460,'70429',Majagual,22),
(461,'68432',Malaga,21),
(462,'08433',Malambo,2),
(463,'52435',Mallama,17),
(464,'08436',Manati,2),
(465,'44560',Manaure,14),
(466,'20443',Manaure,9),
(467,'85139',Mani,26),
(468,'17001',Manizales,6),
(469,'25436',Manta,11),
(470,'17433',Manzanares,6),
(471,'50325',Mapiripan,16),
(472,'13442',Maria La Baja,4),
(473,'05440',Marinilla,1),
(474,'15442',Maripi,5),
(475,'17442',Marmato,6),
(476,'66440',Marsella,20),
(477,'68444',Matanza,21),
(478,'05001',Medellin,1),
(479,'25438',Medina,11),
(480,'27450',Medio San Juan,12),
(481,'73449',Melgar,23),
(482,'19450',Mercaderes,8),
(483,'50330',Mesetas,16),
(484,'19455',Miranda,8),
(485,'66456',Mistrato,20),
(486,'86001',Mocoa,27),
(487,'68464',Mogotes,21),
(488,'68468',Molagavita,21),
(489,'23464',Momil,10),
(490,'13468',Mompos,4),
(491,'15464',Mongua,5),
(492,'15466',Mongui,5),
(493,'15469',Moniquira,5),
(494,'05467',Montebello,1),
(495,'23466',Montelibano,10),
(496,'63470',Montenegro,19),
(497,'23001',Monteria,10),
(498,'85162',Monterrey,26),
(499,'23500',Moñitos,10),
(500,'19473',Morales,8),
(501,'13473',Morales,4),
(502,'18479',Morelia,7),
(503,'70473',Morroa,22),
(504,'25473',Mosquera,11),
(505,'15476',Motavita,5),
(506,'73461',Murillo,23),
(507,'05480',Mutata,1),
(508,'54480',Mutiscua,18),
(509,'15480',Muzo,5),
(510,'05483',Narino,1),
(511,'25483',Nariño,11),
(512,'52480',Nariño,17),
(513,'41483',Nataga,13),
(514,'73483',Natagaima,23),
(515,'05495',Nechi,1),
(516,'05490',Necocli,1),
(517,'17486',Neira,6),
(518,'41001',Neiva,13),
(519,'25486',Nemocon,11),
(520,'25488',Nilo,11),
(521,'25489',Nimaima,11),
(522,'15491',Nobsa,5),
(523,'25491',Nocaima,11),
(524,'17495',Norcasia,6),
(525,'27491',Novita,12),
(526,'47460',Nueva Granada,15),
(527,'15494',Nuevo Colon,5),
(528,'85225',Nunchia,26),
(529,'76497',Obando,24),
(530,'68498',Ocamonte,21),
(531,'54498',Ocaña,18),
(532,'68500',Oiba,21),
(533,'15500',Oicata,5),
(534,'05501',Olaya,1),
(535,'41503',Oporapa,13),
(536,'86320',Orito,27),
(537,'85230',Orocue,26),
(538,'73504',Ortega,23),
(539,'52506',Ospina,17),
(540,'70508',Ovejas,22),
(541,'15511',Pachavita,5),
(542,'25513',Pacho,11),
(543,'17513',Pacora,6),
(544,'19513',Padilla,8),
(545,'15514',Paez,5),
(546,'19517',Paez,8),
(547,'41518',Paicol,13),
(548,'20517',Pailitas,9),
(549,'25518',Paime,11),
(550,'15516',Paipa,5),
(551,'15518',Pajarito,5),
(552,'41524',Palermo,13),
(553,'17524',Palestina,6),
(554,'41530',Palestina,13),
(555,'08520',Palmar Varela,2),
(556,'68524',Palmas Del Socorro,21),
(557,'76520',Palmira,24),
(558,'70523',Palmito,22),
(559,'73520',Palocabildo,23),
(560,'54518',Pamplona,18),
(561,'54520',Pamplonita,18),
(562,'25524',Pandi,11),
(563,'68533',Paramo,21),
(564,'25530',Paratebueno,11),
(565,'25535',Pasca,11),
(566,'52001',Pasto,17),
(567,'19532',Patia,8),
(568,'15531',Pauna,5),
(569,'85250',Paz De Ariporo,26),
(570,'15537',Paz De Rio,5),
(571,'20550',Pelaya,9),
(572,'05541',Penol,1),
(573,'17541',Pensilvania,6),
(574,'05543',Peque,1),
(575,'66001',Pereira,20),
(576,'15542',Pesca,5),
(577,'19533',Piamonte,8),
(578,'68547',Piedecuesta,21),
(579,'73547',Piedras,23),
(580,'19548',Piendamo,8),
(581,'63548',Pijao,19),
(582,'47545',Pijiño Del Carmen,15),
(583,'68549',Pinchote,21),
(584,'08549',Piojo,2),
(585,'41548',Pital,13),
(586,'41551',Pitalito,13),
(587,'47551',Pivijay,15),
(588,'73555',Planadas,23),
(589,'23555',Planeta Rica,10),
(590,'47555',Plato,15),
(591,'52540',Policarpa,17),
(592,'08558',Polonuevo,2),
(593,'08560',Ponedera,2),
(594,'19001',Popayan,8),
(595,'85263',Pore,26),
(596,'52560',Potosi,17),
(597,'76563',Pradera,24),
(598,'73563',Prado,23),
(599,'88564',Providencia,28),
(600,'20570',Pueblo Bello,9),
(601,'23570',Pueblo Nuevo,10),
(602,'66572',Pueblo Rico,20),
(603,'05576',Pueblorrico,1),
(604,'47570',Puebloviejo,15),
(605,'68572',Puente Nacional,21),
(606,'52573',Puerres,17),
(607,'86568',Puerto Asis,27),
(608,'05579',Puerto Berrio,1),
(609,'15572',Puerto Boyaca,5),
(610,'86569',Puerto Caicedo,27),
(611,'99001',Puerto Carreño,33),
(612,'08573',Puerto Colombia,2),
(613,'50450',Puerto Concordia,16),
(614,'23574',Puerto Escondido,10),
(615,'50568',Puerto Gaitan,16),
(616,'86573',Puerto Leguizamo,27),
(617,'23580',Puerto Libertador,10),
(618,'50577',Puerto Lleras,16),
(619,'50573',Puerto Lopez,16),
(620,'68573',Puerto Parra,21),
(621,'18592',Puerto Rico,7),
(622,'50590',Puerto Rico,16),
(623,'81591',Puerto Rondon,25),
(624,'25572',Puerto Salgar,11),
(625,'54553',Puerto Santander,18),
(626,'19573',Puerto Tejada,8),
(627,'05591',Puerto Triunfo,1),
(628,'68575',Puerto Wilches,21),
(629,'52585',Pupiales,17),
(630,'19585',Purace,8),
(631,'73585',Purificacion,23),
(632,'23586',Purisima,10),
(633,'25592',Quebradanegra,11),
(634,'25594',Quetame,11),
(635,'27001',Quibdo,12),
(636,'63594',Quimbaya,19),
(637,'66594',Quinchia,20),
(638,'15580',Quipama,5),
(639,'25596',Quipile,11),
(640,'54599',Ragonvalia,18),
(641,'15599',Ramiriqui,5),
(642,'15600',Raquira,5),
(643,'85279',Recetor,26),
(644,'13580',Regidor,4),
(645,'05604',Remedios,1),
(646,'08606',Repelon,2),
(647,'50606',Restrepo,16),
(648,'76606',Restrepo,24),
(649,'05607',Retiro,1),
(650,'25612',Ricaurte,11),
(651,'52612',Ricaurte,17),
(652,'20614',Rio De Oro,9),
(653,'13600',Rio Viejo,4),
(654,'73616',Rioblanco,23),
(655,'76616',Riofrio,24),
(656,'44001',Riohacha,14),
(657,'05615',Rionegro,1),
(658,'68615',Rionegro,21),
(659,'17614',Riosucio,6),
(660,'27615',Riosucio,12),
(661,'17616',Risaralda,6),
(662,'41615',Rivera,13),
(663,'76622',Roldanillo,24),
(664,'73622',Roncesvalles,23),
(665,'19622',Rosas,8),
(666,'73624',Rovira,23),
(667,'68655',Sabana De Torres,21),
(668,'08634',Sabanagrande,2),
(669,'08638',Sabanalarga,2),
(670,'85300',Sabanalarga,26),
(671,'05628',Sabanalarga,1),
(672,'47660',Sabanas De San Angel,15),
(673,'05631',Sabaneta,1),
(674,'15632',Saboya,5),
(675,'85315',Sacama,26),
(676,'15638',Sachica,5),
(677,'23660',Sahagun,10),
(678,'41660',Saladoblanco,13),
(679,'17653',Salamina,6),
(680,'47675',Salamina,15),
(681,'54660',Salazar,18),
(682,'73671',Saldaña,23),
(683,'63690',Salento,19),
(684,'05642',Salgar,1),
(685,'15646',Samaca,5),
(686,'17662',Samana,6),
(687,'52678',Samaniego,17),
(688,'70670',Sampues,22),
(689,'41668',San Agustin,13),
(690,'20710',San Alberto,9),
(691,'88001',San Andres,28),
(692,'05647',San Andres,1),
(693,'68669',San Andres,21),
(694,'23670',San Andres De Sotavento,10),
(695,'52835',San Andres De Tumaco,17),
(696,'23672',San Antero,10),
(697,'73675',San Antonio,23),
(698,'25645',San Antonio Del Tequendama,11),
(699,'70678',San Benito Abad,22),
(700,'25649',San Bernardo,11),
(701,'52685',San Bernardo,17),
(702,'23675',San Bernardo Del Viento,10),
(703,'05649',San Carlos,1),
(704,'23678',San Carlos,10),
(705,'50680',San Carlos De Guaroa,16),
(706,'54673',San Cayetano,18),
(707,'13620',San Cristobal,4),
(708,'20750',San Diego,9),
(709,'15660',San Eduardo,5),
(710,'13647',San Estanislao,4),
(711,'13650',San Fernando,4),
(712,'86755',San Francisco,27),
(713,'25658',San Francisco,11),
(714,'68679',San Gil,21),
(715,'13654',San Jacinto,4),
(716,'05656',San Jeronimo,1),
(717,'68682',San Joaquin,21),
(718,'17665',San Jose,6),
(719,'68684',San Jose De Miranda,21),
(720,'15664',San Jose De Pare,5),
(721,'18610',San Jose Del Fragua,7),
(722,'95001',San Jose Del Guaviare,31),
(723,'05658',San Jose La Montana,1),
(724,'50683',San Juan De Arama,16),
(725,'70702',San Juan De Betulia,22),
(726,'25662',San Juan De Rio Seco,11),
(727,'44650',San Juan Del Cesar,14),
(728,'13657',San Juan Nepomuceno,4),
(729,'05659',San Juan Uraba,1),
(730,'50686',San Juanito,16),
(731,'52687',San Lorenzo,17),
(732,'05660',San Luis,1),
(733,'73678',San Luis,23),
(734,'50223',San Luis De Cubarral,16),
(735,'15667',San Luis De Gaceno,5),
(736,'85325',San Luis De Palenque,26),
(737,'70742',San Luis De Since,22),
(738,'70708',San Marcos,22),
(739,'20770',San Martin,9),
(740,'50689',San Martin,16),
(741,'13667',San Martin De Loba,4),
(742,'68686',San Miguel,21),
(743,'86757',San Miguel,27),
(744,'15676',San Miguel De Sema,5),
(745,'70713',San Onofre,22),
(746,'13670',San Pablo,4),
(747,'52693',San Pablo,17),
(748,'15681',San Pablo De Borbur,5),
(749,'05664',San Pedro,1),
(750,'70717',San Pedro,22),
(751,'76670',San Pedro,24),
(752,'05665',San Pedro Uraba,1),
(753,'23686',San Pelayo,10),
(754,'05667',San Rafael,1),
(755,'05670',San Roque,1),
(756,'19693',San Sebastian,8),
(757,'47692',San Sebastian De Buenavista,15),
(758,'73443',San Sebastian De Mariquita,23),
(759,'05674',San Vicente,1),
(760,'68689',San Vicente De Chucuri,21),
(761,'18753',San Vicente Del Caguan,7),
(762,'52683',Sandona,17),
(763,'47707',Santa Ana,15),
(764,'05679',Santa Barbara,1),
(765,'68705',Santa Barbara,21),
(766,'47720',Santa Barbara De Pinto,15),
(767,'13673',Santa Catalina,4),
(768,'68720',Santa Helena Del Opon,21),
(769,'73686',Santa Isabel,23),
(770,'08675',Santa Lucia,2),
(771,'41676',Santa Maria,13),
(772,'15690',Santa Maria,5),
(773,'47001',Santa Marta,15),
(774,'13683',Santa Rosa,4),
(775,'19701',Santa Rosa,8),
(776,'66682',Santa Rosa De Cabal,20),
(777,'15693',Santa Rosa De Viterbo,5),
(778,'13688',Santa Rosa Del Sur,4),
(779,'05686',Santa Rosa Osos,1),
(780,'15696',Santa Sofia,5),
(781,'52699',Santacruz,17),
(782,'05042',Santafe Antioquia,1),
(783,'15686',Santana,5),
(784,'19698',Santander De Quilichao,8),
(785,'54680',Santiago,18),
(786,'86760',Santiago,27),
(787,'70820',Santiago De Tolu,22),
(788,'05690',Santo Domingo,1),
(789,'08685',Santo Tomas,2),
(790,'66687',Santuario,20),
(791,'52720',Sapuyes,17),
(792,'81736',Saravena,25),
(793,'54720',Sardinata,18),
(794,'25718',Sasaima,11),
(795,'15720',Sativanorte,5),
(796,'05736',Segovia,1),
(797,'25736',Sesquile,11),
(798,'76736',Sevilla,24),
(799,'15740',Siachoque,5),
(800,'25740',Sibate,11),
(801,'86749',Sibundoy,27),
(802,'54743',Silos,18),
(803,'25743',Silvania,11),
(804,'19743',Silvia,8),
(805,'68745',Simacota,21),
(806,'25745',Simijaca,11),
(807,'13744',Simiti,4),
(808,'70001',Sincelejo,22),
(809,'47745',Sitionuevo,15),
(810,'25754',Soacha,11),
(811,'15753',Soata,5),
(812,'15757',Socha,5),
(813,'68755',Socorro,21),
(814,'15755',Socota,5),
(815,'15759',Sogamoso,5),
(816,'08758',Soledad,2),
(817,'18785',Solita,7),
(818,'15761',Somondoco,5),
(819,'05756',Sonson,1),
(820,'05761',Sopetran,1),
(821,'13760',Soplaviento,4),
(822,'25758',Sopo,11),
(823,'15762',Sora,5),
(824,'15764',Soraca,5),
(825,'15763',Sotaquira,5),
(826,'19760',Sotara,8),
(827,'68770',Suaita,21),
(828,'08770',Suan,2),
(829,'19780',Suarez,8),
(830,'73770',Suarez,23),
(831,'41770',Suaza,13),
(832,'25769',Subachoque,11),
(833,'70771',Sucre,22),
(834,'25772',Suesca,11),
(835,'25777',Supata,11),
(836,'17777',Supia,6),
(837,'25779',Susa,11),
(838,'15774',Susacon,5),
(839,'15776',Sutamarchan,5),
(840,'25781',Sutatausa,11),
(841,'15778',Sutatenza,5),
(842,'25785',Tabio,11),
(843,'27787',Tado,12),
(844,'13780',Talaigua Nuevo,4),
(845,'81794',Tame,25),
(846,'05789',Tamesis,1),
(847,'52786',Taminango,17),
(848,'52788',Tangua,17),
(849,'05790',Taraza,1),
(850,'41791',Tarqui,13),
(851,'05792',Tarso,1),
(852,'15790',Tasco,5),
(853,'85410',Tauramena,26),
(854,'25793',Tausa,11),
(855,'41799',Tello,13),
(856,'25797',Tena,11),
(857,'47798',Tenerife,15),
(858,'25799',Tenjo,11),
(859,'15798',Tenza,5),
(860,'54800',Teorama,18),
(861,'41801',Teruel,13),
(862,'41797',Tesalia,13),
(863,'25805',Tibacuy,11),
(864,'15804',Tibana,5),
(865,'15806',Tibasosa,5),
(866,'25807',Tibirita,11),
(867,'54810',Tibu,18),
(868,'23807',Tierralta,10),
(869,'41807',Timana,13),
(870,'19807',Timbio,8),
(871,'19809',Timbiqui,8),
(872,'15808',Tinjaca,5),
(873,'15810',Tipacoque,5),
(874,'05809',Titiribi,1),
(875,'15814',Toca,5),
(876,'25815',Tocaima,11),
(877,'25817',Tocancipa,11),
(878,'54820',Toledo,18),
(879,'05819',Toledo,1),
(880,'70823',Tolu Viejo,22),
(881,'68820',Tona,21),
(882,'15820',Topaga,5),
(883,'25823',Topaipi,11),
(884,'76823',Toro,24),
(885,'15822',Tota,5),
(886,'19824',Totoro,8),
(887,'85430',Trinidad,26),
(888,'76828',Trujillo,24),
(889,'08832',Tubara,2),
(890,'23815',Tuchin,10),
(891,'76834',Tulua,24),
(892,'15001',Tunja,5),
(893,'52838',Tuquerres,17),
(894,'13836',Turbaco,4),
(895,'13838',Turbana,4),
(896,'05837',Turbo,1),
(897,'15835',Turmeque,5),
(898,'15837',Tuta,5),
(899,'15839',Tutaza,5),
(900,'25839',Ubala,11),
(901,'25841',Ubaque,11),
(902,'76845',Ulloa,24),
(903,'15842',Umbita,5),
(904,'25845',Une,11),
(905,'27810',Union Panamericana,12),
(906,'05842',Uramita,1),
(907,'50370',Uribe,16),
(908,'44847',Uribia,14),
(909,'05847',Urrao,1),
(910,'44855',Urumita,14),
(911,'08849',Usiacuri,2),
(912,'25851',Utica,11),
(913,'05854',Valdivia,1),
(914,'23855',Valencia,10),
(915,'68855',Valle De San Jose,21),
(916,'73854',Valle De San Juan,23),
(917,'86865',Valle Del Guamuez,27),
(918,'20001',Valledupar,9),
(919,'05856',Valparaiso,1),
(920,'18860',Valparaiso,7),
(921,'05858',Vegachi,1),
(922,'68861',Velez,21),
(923,'73861',Venadillo,23),
(924,'25506',Venecia,11),
(925,'05861',Venecia,1),
(926,'15861',Ventaquemada,5),
(927,'25862',Vergara,11),
(928,'76863',Versalles,24),
(929,'25867',Viani,11),
(930,'17867',Victoria,6),
(931,'76869',Vijes,24),
(932,'54871',Villa Caro,18),
(933,'15407',Villa De Leyva,5),
(934,'25843',Villa De San Diego De Ubate,11),
(935,'54874',Villa Del Rosario,18),
(936,'19845',Villa Rica,8),
(937,'86885',Villagarzon,27),
(938,'25871',Villagomez,11),
(939,'73870',Villahermosa,23),
(940,'17873',Villamaria,6),
(941,'85440',Villanueva,26),
(942,'44874',Villanueva,14),
(943,'68872',Villanueva,21),
(944,'13873',Villanueva,4),
(945,'25873',Villapinzon,11),
(946,'50001',Villavicencio,16),
(947,'41872',Villavieja,13),
(948,'25875',Villeta,11),
(949,'25878',Viota,11),
(950,'15879',Viracacha,5),
(951,'50711',Vistahermosa,16),
(952,'17877',Viterbo,6),
(953,'25885',Yacopi,11),
(954,'52885',Yacuanquer,17),
(955,'41885',Yaguara,13),
(956,'05885',Yali,1),
(957,'05887',Yarumal,1),
(958,'05890',Yolombo,1),
(959,'05893',Yondo,1),
(960,'85001',Yopal,26),
(961,'76890',Yotoco,24),
(962,'76892',Yumbo,24),
(963,'13894',Zambrano,4),
(964,'68895',Zapatoca,21),
(965,'05895',Zaragoza,1),
(966,'76895',Zarzal,24),
(967,'25898',Zipacon,11),
(968,'25899',Zipaquira,11),
(969,'47980',Zona Bananera,15);


-- ----------------------------
-- Records of tipo_vehiculo
-- ----------------------------
BEGIN;
INSERT INTO `tipo_vehiculo` VALUES (1, 'Automovil');
INSERT INTO `tipo_vehiculo` VALUES (2, 'Bicicleta');
INSERT INTO `tipo_vehiculo` VALUES (3, 'Bus');
INSERT INTO `tipo_vehiculo` VALUES (4, 'Buseta');
INSERT INTO `tipo_vehiculo` VALUES (5, 'Camión');
INSERT INTO `tipo_vehiculo` VALUES (6, 'Camioneta');
INSERT INTO `tipo_vehiculo` VALUES (7, 'Campero');
INSERT INTO `tipo_vehiculo` VALUES (8, 'Carro De Golf');
INSERT INTO `tipo_vehiculo` VALUES (9, 'Cuatrimoto');
INSERT INTO `tipo_vehiculo` VALUES (10, 'Maquinaria Agrícola');
INSERT INTO `tipo_vehiculo` VALUES (11, 'Maquinaria Industrial');
INSERT INTO `tipo_vehiculo` VALUES (12, 'Microbus');
INSERT INTO `tipo_vehiculo` VALUES (13, 'Motocarro');
INSERT INTO `tipo_vehiculo` VALUES (14, 'Motocicleta');
INSERT INTO `tipo_vehiculo` VALUES (15, 'Motociclo');
INSERT INTO `tipo_vehiculo` VALUES (16, 'Mototriciclo');
INSERT INTO `tipo_vehiculo` VALUES (17, 'No Aplica');
INSERT INTO `tipo_vehiculo` VALUES (18, 'Peatón');
INSERT INTO `tipo_vehiculo` VALUES (19, 'Remolque');
INSERT INTO `tipo_vehiculo` VALUES (20, 'Segway');
INSERT INTO `tipo_vehiculo` VALUES (21, 'Semi Remolque');
INSERT INTO `tipo_vehiculo` VALUES (22, 'Sin Información');
INSERT INTO `tipo_vehiculo` VALUES (23, 'Tracción Animal');
INSERT INTO `tipo_vehiculo` VALUES (24, 'Tracción Humana');
INSERT INTO `tipo_vehiculo` VALUES (25, 'Tractocamión');
INSERT INTO `tipo_vehiculo` VALUES (26, 'Volqueta');
COMMIT;

INSERT INTO `objeto_colision` (`id`, `nombre`) VALUES
(1, 'Motocicleta'),
(2, 'Automovil'),
(3, 'Sin Informacion'),
(4, 'Objeto Fijo'),
(5, 'Camioneta'),
(6, 'Tractocamion'),
(7, 'Traccion Humana'),
(8, 'Animal En Via'),
(9, 'Buseta'),
(10, 'Camion'),
(11, 'Volqueta'),
(12, 'Bus'),
(13, 'Motocarro'),
(14, 'Campero'),
(15, 'Microbus'),
(16, 'Bicicleta'),
(17, 'Maquinaria Industrial'),
(18, 'Mototriciclo'),
(19, 'Vehiculos Acuaticos Con Motor'),
(20, 'Maquinaria Agricola'),
(21, 'Camion - Furgon'),
(22, 'Aeronaves Sin Motor'),
(23, 'Avion, Avioneta'),
(24, 'Traccion Animal'),
(25, 'Tren'),
(26, 'Tracto - Camion'),
(27, 'Articulado'),
(28, 'Vehiculos Acuaticos Sin Motor'),
(29, 'Otro'),
(30, 'No Aplica'),
(31, 'Vehiculo Acuatico Con Motor');

INSERT INTO `vehiculo` (`id`, `name`, `id_tipo_de_vehiculo`) VALUES
(1, 'Motocicleta', 1),
(2, 'Bicicleta', 2),
(3, 'Automovil', 3),
(4, 'Peaton', 4),
(5, 'Motocarro', 5),
(6, 'Camioneta', 3),
(7, 'Buseta', 6),
(8, 'Bus', 6),
(9, 'Microbus', 6),
(10, 'Sin Informacion', 7),
(11, 'Cuatrimoto', 5),
(12, 'Tractocamion', 8),
(13, 'Traccion Humana', 9),
(14, 'Campero', 3),
(15, 'Volqueta', 8),
(16, 'Camion', 8),
(17, 'Traccion Animal', 9),
(18, 'Motociclo', 5),
(19, 'Mototriciclo', 5),
(20, 'Semi Remolque', 8),
(21, 'Maquinaria Industrial', 10),
(22, 'Segway', 9),
(23, 'Remolque', 8),
(24, 'Maquinaria Agricola', 11),
(25, 'No Aplica', 7),
(26, 'Carro De Golf', 9);
