INSERT INTO `departamento` (`id`, `nombre`, `codigo_departamento`) VALUES
(1, 'Antioquia', '05'),
(2, 'Atlantico', '08'),
(3, 'D. C. Santa Fe de Bogotá', '11'),
(4, 'Bolivar', '13'),
(5, 'Boyaca', '15'),
(6, 'Caldas', '17'),
(7, 'Caqueta', '18'),
(8, 'Cauca', '19'),
(9, 'Cesar', '20'),
(10, 'Cordoba', '23'),
(11, 'Cundinamarca', '25'),
(12, 'Choco', '27'),
(13, 'Huila', '41'),
(14, 'La Guajira', '44'),
(15, 'Magdalena', '47'),
(16, 'Meta', '50'),
(17, 'Nariño', '52'),
(18, 'Norte de Santander', '54'),
(19, 'Quindio', '63'),
(20, 'Risaralda', '66'),
(21, 'Santander', '68'),
(22, 'Sucre', '70'),
(23, 'Tolima', '73'),
(24, 'Valle', '76'),
(25, 'Arauca', '81'),
(26, 'Casanare', '85'),
(27, 'Putumayo', '86'),
(28, 'San Andres', '88'),
(29, 'Amazonas', '91'),
(30, 'Guainia', '94'),
(31, 'Guaviare', '95'),
(32, 'Vaupes', '97'),
(33, 'Vichada', '99');

INSERT INTO `lesionado` (`id`, `rango_edad`) VALUES
(1, '0-5'),
(2, '6-10'),
(3, '11-15'),
(4, '16-20'),
(5, '21-25'),
(6, '26-30'),
(7, '31-35'),
(8, '36-40'),
(9, '41-45'),
(10, '46-50'),
(11, '51-55'),
(12, '56-60'),
(13, '61-65'),
(14, '66-70'),
(15, '71-75'),
(16, '76-80'),
(17, '81-85'),
(18, '86-90'),
(19, '91-95'),
(20, '96-100');

INSERT INTO `municipio` (`id`, `codigo_municipio`, `nombre`, `id_departamento`) VALUES
(1, '05001', 'Medellin', 1),
(2, '05002', 'Abejorral', 1),
(3, '05021', 'Alejandria', 1),
(4, '05030', 'Amaga', 1),
(5, '05031', 'Amalfi', 1),
(6, '05034', 'Andes', 1),
(7, '05036', 'Angelopolis', 1),
(8, '05038', 'Angostura', 1),
(9, '05040', 'Anori', 1),
(10, '05042', 'Santafe Antioquia', 1),
(11, '05045', 'Apartado', 1),
(12, '05051', 'Arboletes', 1),
(13, '05055', 'Argelia', 1),
(14, '05059', 'Armenia', 1),
(15, '05079', 'Barbosa', 1),
(16, '05086', 'Belmira', 1),
(17, '05088', 'Bello', 1),
(18, '05091', 'Betania', 1),
(19, '05093', 'Betulia', 1),
(20, '05101', 'Ciudad Bolivar', 1),
(21, '05107', 'Briceno', 1),
(22, '05113', 'Buritica', 1),
(23, '05120', 'Caceres', 1),
(24, '05125', 'Caicedo', 1),
(25, '05129', 'Caldas', 1),
(26, '05134', 'Campamento', 1),
(27, '05138', 'Canasgordas', 1),
(28, '05147', 'Carepa', 1),
(29, '05148', 'El Carmen Viboral', 1),
(30, '05150', 'Carolina', 1),
(31, '05154', 'Caucasia', 1),
(32, '05172', 'Chigorodo', 1),
(33, '05190', 'Cisneros', 1),
(34, '05197', 'Cocorna', 1),
(35, '05209', 'Concordia', 1),
(36, '05212', 'Copacabana', 1),
(37, '05234', 'Dabeiba', 1),
(38, '05237', 'Don Matias', 1),
(39, '05240', 'Ebejico', 1),
(40, '05250', 'El Bagre', 1),
(41, '05264', 'Entrerrios', 1),
(42, '05266', 'Envigado', 1),
(43, '05282', 'Fredonia', 1),
(44, '05284', 'Frontino', 1),
(45, '05306', 'Giraldo', 1),
(46, '05308', 'Girardota', 1),
(47, '05310', 'Gomez Plata', 1),
(48, '05313', 'Granada', 1),
(49, '05315', 'Guadalupe', 1),
(50, '05318', 'Guarne', 1),
(51, '05321', 'Guatape', 1),
(52, '05347', 'Heliconia', 1),
(53, '05353', 'Hispania', 1),
(54, '05360', 'Itagui', 1),
(55, '05361', 'Ituango', 1),
(56, '05364', 'Jardin', 1),
(57, '05368', 'Jerico', 1),
(58, '05376', 'La Ceja', 1),
(59, '05380', 'La Estrella', 1),
(60, '05390', 'La Pintada', 1),
(61, '05400', 'La Union', 1),
(62, '05425', 'Maceo', 1),
(63, '05440', 'Marinilla', 1),
(64, '05467', 'Montebello', 1),
(65, '05480', 'Mutata', 1),
(66, '05483', 'Narino', 1),
(67, '05490', 'Necocli', 1),
(68, '05495', 'Nechi', 1),
(69, '05501', 'Olaya', 1),
(70, '05541', 'Penol', 1),
(71, '05543', 'Peque', 1),
(72, '05576', 'Pueblorrico', 1),
(73, '05579', 'Puerto Berrio', 1),
(74, '05591', 'Puerto Triunfo', 1),
(75, '05604', 'Remedios', 1),
(76, '05607', 'Retiro', 1),
(77, '05615', 'Rionegro', 1),
(78, '05628', 'Sabanalarga', 1),
(79, '05631', 'Sabaneta', 1),
(80, '05642', 'Salgar', 1),
(81, '05647', 'San Andres', 1),
(82, '05649', 'San Carlos', 1),
(83, '05656', 'San Jeronimo', 1),
(84, '05658', 'San Jose La Montana', 1),
(85, '05659', 'San Juan Uraba', 1),
(86, '05660', 'San Luis', 1),
(87, '05664', 'San Pedro', 1),
(88, '05665', 'San Pedro Uraba', 1),
(89, '05667', 'San Rafael', 1),
(90, '05670', 'San Roque', 1),
(91, '05674', 'San Vicente', 1),
(92, '05679', 'Santa Barbara', 1),
(93, '05686', 'Santa Rosa Osos', 1),
(94, '05690', 'Santo Domingo', 1),
(95, '05697', 'El Santuario', 1),
(96, '05736', 'Segovia', 1),
(97, '05756', 'Sonson', 1),
(98, '05761', 'Sopetran', 1),
(99, '05789', 'Tamesis', 1),
(100, '05790', 'Taraza', 1),
(101, '05792', 'Tarso', 1),
(102, '05809', 'Titiribi', 1),
(103, '05819', 'Toledo', 1),
(104, '05837', 'Turbo', 1),
(105, '05842', 'Uramita', 1),
(106, '05847', 'Urrao', 1),
(107, '05854', 'Valdivia', 1),
(108, '05856', 'Valparaiso', 1),
(109, '05858', 'Vegachi', 1),
(110, '05861', 'Venecia', 1),
(111, '05885', 'Yali', 1),
(112, '05887', 'Yarumal', 1),
(113, '05890', 'Yolombo', 1),
(114, '05893', 'Yondo', 1),
(115, '05895', 'Zaragoza', 1),
(116, '08001', 'Barranquilla', 2),
(117, '08078', 'Baranoa', 2),
(118, '08137', 'Campo La Cruz', 2),
(119, '08296', 'Galapa', 2),
(120, '08372', 'Juan Acosta', 2),
(121, '08421', 'Luruaco', 2),
(122, '08433', 'Malambo', 2),
(123, '08436', 'Manati', 2),
(124, '08520', 'Palmar Varela', 2),
(125, '08549', 'Piojo', 2),
(126, '08558', 'Polonuevo', 2),
(127, '08560', 'Ponedera', 2),
(128, '08573', 'Puerto Colombia', 2),
(129, '08606', 'Repelon', 2),
(130, '08634', 'Sabanagrande', 2),
(131, '08638', 'Sabanalarga', 2),
(132, '08675', 'Santa Lucia', 2),
(133, '08685', 'Santo Tomas', 2),
(134, '08758', 'Soledad', 2),
(135, '08770', 'Suan', 2),
(136, '08832', 'Tubara', 2),
(137, '08849', 'Usiacuri', 2),
(138, '11001', 'Bogota  D.C.', 3),
(139, '13001', 'Cartagena', 4),
(140, '13052', 'Arjona', 4),
(141, '13062', 'Arroyohondo', 4),
(142, '13074', 'Barranco De Loba', 4),
(143, '13140', 'Calamar', 4),
(144, '13160', 'Cantagallo', 4),
(145, '13188', 'Cicuco', 4),
(146, '13212', 'Cordoba', 4),
(147, '13222', 'Clemencia', 4),
(148, '13244', 'El Carmen De Bolivar', 4),
(149, '13268', 'El Peñon', 4),
(150, '13300', 'Hatillo De Loba', 4),
(151, '13430', 'Magangue', 4),
(152, '13433', 'Mahates', 4),
(153, '13442', 'Maria La Baja', 4),
(154, '13468', 'Mompos', 4),
(155, '13473', 'Morales', 4),
(156, '13580', 'Regidor', 4),
(157, '13600', 'Rio Viejo', 4),
(158, '13620', 'San Cristobal', 4),
(159, '13647', 'San Estanislao', 4),
(160, '13650', 'San Fernando', 4),
(161, '13654', 'San Jacinto', 4),
(162, '13657', 'San Juan Nepomuceno', 4),
(163, '13667', 'San Martin De Loba', 4),
(164, '13670', 'San Pablo', 4),
(165, '13673', 'Santa Catalina', 4),
(166, '13683', 'Santa Rosa', 4),
(167, '13688', 'Santa Rosa Del Sur', 4),
(168, '13744', 'Simiti', 4),
(169, '13760', 'Soplaviento', 4),
(170, '13780', 'Talaigua Nuevo', 4),
(171, '13836', 'Turbaco', 4),
(172, '13838', 'Turbana', 4),
(173, '13873', 'Villanueva', 4),
(174, '13894', 'Zambrano', 4),
(175, '15001', 'Tunja', 5),
(176, '15047', 'Aquitania', 5),
(177, '15051', 'Arcabuco', 5),
(178, '15087', 'Belen', 5),
(179, '15090', 'Berbeo', 5),
(180, '15092', 'Beteitiva', 5),
(181, '15097', 'Boavita', 5),
(182, '15104', 'Boyaca', 5),
(183, '15109', 'Buenavista', 5),
(184, '15114', 'Busbanza', 5),
(185, '15162', 'Cerinza', 5),
(186, '15172', 'Chinavita', 5),
(187, '15176', 'Chiquinquira', 5),
(188, '15180', 'Chiscas', 5),
(189, '15183', 'Chita', 5),
(190, '15185', 'Chitaraque', 5),
(191, '15187', 'Chivata', 5),
(192, '15189', 'Cienega', 5),
(193, '15204', 'Combita', 5),
(194, '15215', 'Corrales', 5),
(195, '15218', 'Covarachia', 5),
(196, '15224', 'Cucaita', 5),
(197, '15226', 'Cuitiva', 5),
(198, '15232', 'Chiquiza', 5),
(199, '15236', 'Chivor', 5),
(200, '15238', 'Duitama', 5),
(201, '15272', 'Firavitoba', 5),
(202, '15276', 'Floresta', 5),
(203, '15293', 'Gachantiva', 5),
(204, '15296', 'Gameza', 5),
(205, '15299', 'Garagoa', 5),
(206, '15322', 'Guateque', 5),
(207, '15325', 'Guayata', 5),
(208, '15362', 'Iza', 5),
(209, '15367', 'Jenesano', 5),
(210, '15380', 'La Capilla', 5),
(211, '15407', 'Villa De Leyva', 5),
(212, '15442', 'Maripi', 5),
(213, '15464', 'Mongua', 5),
(214, '15466', 'Mongui', 5),
(215, '15469', 'Moniquira', 5),
(216, '15476', 'Motavita', 5),
(217, '15480', 'Muzo', 5),
(218, '15491', 'Nobsa', 5),
(219, '15494', 'Nuevo Colon', 5),
(220, '15500', 'Oicata', 5),
(221, '15511', 'Pachavita', 5),
(222, '15514', 'Paez', 5),
(223, '15516', 'Paipa', 5),
(224, '15518', 'Pajarito', 5),
(225, '15531', 'Pauna', 5),
(226, '15537', 'Paz De Rio', 5),
(227, '15542', 'Pesca', 5),
(228, '15572', 'Puerto Boyaca', 5),
(229, '15580', 'Quipama', 5),
(230, '15599', 'Ramiriqui', 5),
(231, '15600', 'Raquira', 5),
(232, '15632', 'Saboya', 5),
(233, '15638', 'Sachica', 5),
(234, '15646', 'Samaca', 5),
(235, '15660', 'San Eduardo', 5),
(236, '15664', 'San Jose De Pare', 5),
(237, '15667', 'San Luis De Gaceno', 5),
(238, '15676', 'San Miguel De Sema', 5),
(239, '15681', 'San Pablo De Borbur', 5),
(240, '15686', 'Santana', 5),
(241, '15690', 'Santa Maria', 5),
(242, '15693', 'Santa Rosa De Viterbo', 5),
(243, '15696', 'Santa Sofia', 5),
(244, '15720', 'Sativanorte', 5),
(245, '15740', 'Siachoque', 5),
(246, '15753', 'Soata', 5),
(247, '15755', 'Socota', 5),
(248, '15757', 'Socha', 5),
(249, '15759', 'Sogamoso', 5),
(250, '15761', 'Somondoco', 5),
(251, '15762', 'Sora', 5),
(252, '15763', 'Sotaquira', 5),
(253, '15764', 'Soraca', 5),
(254, '15774', 'Susacon', 5),
(255, '15776', 'Sutamarchan', 5),
(256, '15778', 'Sutatenza', 5),
(257, '15790', 'Tasco', 5),
(258, '15798', 'Tenza', 5),
(259, '15804', 'Tibana', 5),
(260, '15806', 'Tibasosa', 5),
(261, '15808', 'Tinjaca', 5),
(262, '15810', 'Tipacoque', 5),
(263, '15814', 'Toca', 5),
(264, '15820', 'Topaga', 5),
(265, '15822', 'Tota', 5),
(266, '15835', 'Turmeque', 5),
(267, '15837', 'Tuta', 5),
(268, '15839', 'Tutaza', 5),
(269, '15842', 'Umbita', 5),
(270, '15861', 'Ventaquemada', 5),
(271, '15879', 'Viracacha', 5),
(272, '17001', 'Manizales', 6),
(273, '17013', 'Aguadas', 6),
(274, '17042', 'Anserma', 6),
(275, '17050', 'Aranzazu', 6),
(276, '17088', 'Belalcazar', 6),
(277, '17174', 'Chinchina', 6),
(278, '17272', 'Filadelfia', 6),
(279, '17380', 'La Dorada', 6),
(280, '17388', 'La Merced', 6),
(281, '17433', 'Manzanares', 6),
(282, '17442', 'Marmato', 6),
(283, '17486', 'Neira', 6),
(284, '17495', 'Norcasia', 6),
(285, '17513', 'Pacora', 6),
(286, '17524', 'Palestina', 6),
(287, '17541', 'Pensilvania', 6),
(288, '17614', 'Riosucio', 6),
(289, '17616', 'Risaralda', 6),
(290, '17653', 'Salamina', 6),
(291, '17662', 'Samana', 6),
(292, '17665', 'San Jose', 6),
(293, '17777', 'Supia', 6),
(294, '17867', 'Victoria', 6),
(295, '17873', 'Villamaria', 6),
(296, '17877', 'Viterbo', 6),
(297, '18001', 'Florencia', 7),
(298, '18029', 'Albania', 7),
(299, '18094', 'Belen De Los Andaquies', 7),
(300, '18150', 'Cartagena Del Chaira', 7),
(301, '18205', 'Curillo', 7),
(302, '18247', 'El Doncello', 7),
(303, '18256', 'El Paujil', 7),
(304, '18410', 'La Montañita', 7),
(305, '18479', 'Morelia', 7),
(306, '18592', 'Puerto Rico', 7),
(307, '18610', 'San Jose Del Fragua', 7),
(308, '18753', 'San Vicente Del Caguan', 7),
(309, '18785', 'Solita', 7),
(310, '18860', 'Valparaiso', 7),
(311, '19001', 'Popayan', 8),
(312, '19022', 'Almaguer', 8),
(313, '19050', 'Argelia', 8),
(314, '19075', 'Balboa', 8),
(315, '19100', 'Bolivar', 8),
(316, '19110', 'Buenos Aires', 8),
(317, '19130', 'Cajibio', 8),
(318, '19137', 'Caldono', 8),
(319, '19142', 'Caloto', 8),
(320, '19212', 'Corinto', 8),
(321, '19256', 'El Tambo', 8),
(322, '19290', 'Florencia', 8),
(323, '19300', 'Guachene', 8),
(324, '19355', 'Inza', 8),
(325, '19392', 'La Sierra', 8),
(326, '19397', 'La Vega', 8),
(327, '19450', 'Mercaderes', 8),
(328, '19455', 'Miranda', 8),
(329, '19473', 'Morales', 8),
(330, '19513', 'Padilla', 8),
(331, '19517', 'Paez', 8),
(332, '19532', 'Patia', 8),
(333, '19533', 'Piamonte', 8),
(334, '19548', 'Piendamo', 8),
(335, '19573', 'Puerto Tejada', 8),
(336, '19585', 'Purace', 8),
(337, '19622', 'Rosas', 8),
(338, '19693', 'San Sebastian', 8),
(339, '19698', 'Santander De Quilichao', 8),
(340, '19701', 'Santa Rosa', 8),
(341, '19743', 'Silvia', 8),
(342, '19760', 'Sotara', 8),
(343, '19780', 'Suarez', 8),
(344, '19807', 'Timbio', 8),
(345, '19809', 'Timbiqui', 8),
(346, '19824', 'Totoro', 8),
(347, '19845', 'Villa Rica', 8),
(348, '20001', 'Valledupar', 9),
(349, '20011', 'Aguachica', 9),
(350, '20013', 'Agustin Codazzi', 9),
(351, '20032', 'Astrea', 9),
(352, '20045', 'Becerril', 9),
(353, '20060', 'Bosconia', 9),
(354, '20175', 'Chimichagua', 9),
(355, '20178', 'Chiriguana', 9),
(356, '20228', 'Curumani', 9),
(357, '20238', 'El Copey', 9),
(358, '20250', 'El Paso', 9),
(359, '20295', 'Gamarra', 9),
(360, '20310', 'Gonzalez', 9),
(361, '20383', 'La Gloria', 9),
(362, '20400', 'La Jagua De Ibirico', 9),
(363, '20443', 'Manaure', 9),
(364, '20517', 'Pailitas', 9),
(365, '20550', 'Pelaya', 9),
(366, '20570', 'Pueblo Bello', 9),
(367, '20614', 'Rio De Oro', 9),
(368, '20621', 'La Paz', 9),
(369, '20710', 'San Alberto', 9),
(370, '20750', 'San Diego', 9),
(371, '20770', 'San Martin', 9),
(372, '23001', 'Monteria', 10),
(373, '23001', 'Monteria', 10),
(374, '23068', 'Ayapel', 10),
(375, '23079', 'Buenavista', 10),
(376, '23090', 'Canalete', 10),
(377, '23162', 'Cerete', 10),
(378, '23168', 'Chima', 10),
(379, '23182', 'Chinu', 10),
(380, '23189', 'Cienaga De Oro', 10),
(381, '23300', 'Cotorra', 10),
(382, '23350', 'La Apartada', 10),
(383, '23417', 'Lorica', 10),
(384, '23419', 'Los Cordobas', 10),
(385, '23464', 'Momil', 10),
(386, '23466', 'Montelibano', 10),
(387, '23500', 'Moñitos', 10),
(388, '23555', 'Planeta Rica', 10),
(389, '23570', 'Pueblo Nuevo', 10),
(390, '23574', 'Puerto Escondido', 10),
(391, '23580', 'Puerto Libertador', 10),
(392, '23586', 'Purisima', 10),
(393, '23660', 'Sahagun', 10),
(394, '23670', 'San Andres De Sotavento', 10),
(395, '23672', 'San Antero', 10),
(396, '23675', 'San Bernardo Del Viento', 10),
(397, '23678', 'San Carlos', 10),
(398, '23686', 'San Pelayo', 10),
(399, '23807', 'Tierralta', 10),
(400, '23815', 'Tuchin', 10),
(401, '23855', 'Valencia', 10),
(402, '25001', 'Agua De Dios', 11),
(403, '25019', 'Alban', 11),
(404, '25035', 'Anapoima', 11),
(405, '25040', 'Anolaima', 11),
(406, '25053', 'Arbelaez', 11),
(407, '25086', 'Beltran', 11),
(408, '25095', 'Bituima', 11),
(409, '25099', 'Bojaca', 11),
(410, '25120', 'Cabrera', 11),
(411, '25123', 'Cachipay', 11),
(412, '25126', 'Cajica', 11),
(413, '25148', 'Caparrapi', 11),
(414, '25151', 'Caqueza', 11),
(415, '25154', 'Carmen De Carupa', 11),
(416, '25168', 'Chaguani', 11),
(417, '25175', 'Chia', 11),
(418, '25178', 'Chipaque', 11),
(419, '25181', 'Choachi', 11),
(420, '25183', 'Choconta', 11),
(421, '25200', 'Cogua', 11),
(422, '25214', 'Cota', 11),
(423, '25224', 'Cucunuba', 11),
(424, '25245', 'El Colegio', 11),
(425, '25258', 'El Peñon', 11),
(426, '25260', 'El Rosal', 11),
(427, '25269', 'Facatativa', 11),
(428, '25279', 'Fomeque', 11),
(429, '25281', 'Fosca', 11),
(430, '25286', 'Funza', 11),
(431, '25288', 'Fuquene', 11),
(432, '25290', 'Fusagasuga', 11),
(433, '25293', 'Gachala', 11),
(434, '25295', 'Gachancipa', 11),
(435, '25297', 'Gacheta', 11),
(436, '25307', 'Girardot', 11),
(437, '25312', 'Granada', 11),
(438, '25317', 'Guacheta', 11),
(439, '25320', 'Guaduas', 11),
(440, '25322', 'Guasca', 11),
(441, '25324', 'Guataqui', 11),
(442, '25326', 'Guatavita', 11),
(443, '25328', 'Guayabal De Siquima', 11),
(444, '25335', 'Guayabetal', 11),
(445, '25339', 'Gutierrez', 11),
(446, '25368', 'Jerusalen', 11),
(447, '25372', 'Junin', 11),
(448, '25377', 'La Calera', 11),
(449, '25386', 'La Mesa', 11),
(450, '25398', 'La Peña', 11),
(451, '25402', 'La Vega', 11),
(452, '25407', 'Lenguazaque', 11),
(453, '25426', 'Macheta', 11),
(454, '25430', 'Madrid', 11),
(455, '25436', 'Manta', 11),
(456, '25438', 'Medina', 11),
(457, '25473', 'Mosquera', 11),
(458, '25483', 'Nariño', 11),
(459, '25486', 'Nemocon', 11),
(460, '25488', 'Nilo', 11),
(461, '25489', 'Nimaima', 11),
(462, '25491', 'Nocaima', 11),
(463, '25506', 'Venecia', 11),
(464, '25513', 'Pacho', 11),
(465, '25518', 'Paime', 11),
(466, '25524', 'Pandi', 11),
(467, '25530', 'Paratebueno', 11),
(468, '25535', 'Pasca', 11),
(469, '25572', 'Puerto Salgar', 11),
(470, '25592', 'Quebradanegra', 11),
(471, '25594', 'Quetame', 11),
(472, '25596', 'Quipile', 11),
(473, '25599', 'Apulo', 11),
(474, '25612', 'Ricaurte', 11),
(475, '25645', 'San Antonio Del Tequendama', 11),
(476, '25649', 'San Bernardo', 11),
(477, '25658', 'San Francisco', 11),
(478, '25662', 'San Juan De Rio Seco', 11),
(479, '25718', 'Sasaima', 11),
(480, '25736', 'Sesquile', 11),
(481, '25740', 'Sibate', 11),
(482, '25743', 'Silvania', 11),
(483, '25745', 'Simijaca', 11),
(484, '25754', 'Soacha', 11),
(485, '25758', 'Sopo', 11),
(486, '25769', 'Subachoque', 11),
(487, '25772', 'Suesca', 11),
(488, '25777', 'Supata', 11),
(489, '25779', 'Susa', 11),
(490, '25781', 'Sutatausa', 11),
(491, '25785', 'Tabio', 11),
(492, '25793', 'Tausa', 11),
(493, '25797', 'Tena', 11),
(494, '25799', 'Tenjo', 11),
(495, '25805', 'Tibacuy', 11),
(496, '25807', 'Tibirita', 11),
(497, '25815', 'Tocaima', 11),
(498, '25817', 'Tocancipa', 11),
(499, '25823', 'Topaipi', 11),
(500, '25839', 'Ubala', 11),
(501, '25841', 'Ubaque', 11),
(502, '25843', 'Villa De San Diego De Ubate', 11),
(503, '25845', 'Une', 11),
(504, '25851', 'Utica', 11),
(505, '25862', 'Vergara', 11),
(506, '25867', 'Viani', 11),
(507, '25871', 'Villagomez', 11),
(508, '25873', 'Villapinzon', 11),
(509, '25875', 'Villeta', 11),
(510, '25878', 'Viota', 11),
(511, '25885', 'Yacopi', 11),
(512, '25898', 'Zipacon', 11),
(513, '25899', 'Zipaquira', 11),
(514, '27001', 'Quibdo', 12),
(515, '27050', 'Atrato', 12),
(516, '27160', 'Certegui', 12),
(517, '27205', 'Condoto', 12),
(518, '27245', 'El Carmen De Atrato', 12),
(519, '27361', 'Istmina', 12),
(520, '27450', 'Medio San Juan', 12),
(521, '27491', 'Novita', 12),
(522, '27615', 'Riosucio', 12),
(523, '27787', 'Tado', 12),
(524, '27810', 'Union Panamericana', 12),
(525, '41001', 'Neiva', 13),
(526, '41006', 'Acevedo', 13),
(527, '41013', 'Agrado', 13),
(528, '41016', 'Aipe', 13),
(529, '41020', 'Algeciras', 13),
(530, '41026', 'Altamira', 13),
(531, '41078', 'Baraya', 13),
(532, '41132', 'Campoalegre', 13),
(533, '41206', 'Colombia', 13),
(534, '41244', 'Elias', 13),
(535, '41298', 'Garzon', 13),
(536, '41306', 'Gigante', 13),
(537, '41319', 'Guadalupe', 13),
(538, '41349', 'Hobo', 13),
(539, '41359', 'Isnos', 13),
(540, '41378', 'La Argentina', 13),
(541, '41396', 'La Plata', 13),
(542, '41483', 'Nataga', 13),
(543, '41503', 'Oporapa', 13),
(544, '41518', 'Paicol', 13),
(545, '41524', 'Palermo', 13),
(546, '41530', 'Palestina', 13),
(547, '41548', 'Pital', 13),
(548, '41551', 'Pitalito', 13),
(549, '41615', 'Rivera', 13),
(550, '41660', 'Saladoblanco', 13),
(551, '41668', 'San Agustin', 13),
(552, '41676', 'Santa Maria', 13),
(553, '41770', 'Suaza', 13),
(554, '41791', 'Tarqui', 13),
(555, '41797', 'Tesalia', 13),
(556, '41799', 'Tello', 13),
(557, '41801', 'Teruel', 13),
(558, '41807', 'Timana', 13),
(559, '41872', 'Villavieja', 13),
(560, '41885', 'Yaguara', 13),
(561, '44001', 'Riohacha', 14),
(562, '44035', 'Albania', 14),
(563, '44078', 'Barrancas', 14),
(564, '44090', 'Dibulla', 14),
(565, '44098', 'Distraccion', 14),
(566, '44110', 'El Molino', 14),
(567, '44279', 'Fonseca', 14),
(568, '44378', 'Hatonuevo', 14),
(569, '44420', 'La Jagua Del Pilar', 14),
(570, '44430', 'Maicao', 14),
(571, '44560', 'Manaure', 14),
(572, '44650', 'San Juan Del Cesar', 14),
(573, '44847', 'Uribia', 14),
(574, '44855', 'Urumita', 14),
(575, '44874', 'Villanueva', 14),
(576, '47001', 'Santa Marta', 15),
(577, '47030', 'Algarrobo', 15),
(578, '47053', 'Aracataca', 15),
(579, '47058', 'Ariguani', 15),
(580, '47170', 'Chivolo', 15),
(581, '47189', 'Cienaga', 15),
(582, '47245', 'El Banco', 15),
(583, '47258', 'El Piñon', 15),
(584, '47268', 'El Reten', 15),
(585, '47288', 'Fundacion', 15),
(586, '47318', 'Guamal', 15),
(587, '47460', 'Nueva Granada', 15),
(588, '47545', 'Pijiño Del Carmen', 15),
(589, '47551', 'Pivijay', 15),
(590, '47555', 'Plato', 15),
(591, '47570', 'Puebloviejo', 15),
(592, '47660', 'Sabanas De San Angel', 15),
(593, '47675', 'Salamina', 15),
(594, '47692', 'San Sebastian De Buenavista', 15),
(595, '47707', 'Santa Ana', 15),
(596, '47720', 'Santa Barbara De Pinto', 15),
(597, '47745', 'Sitionuevo', 15),
(598, '47798', 'Tenerife', 15),
(599, '47980', 'Zona Bananera', 15),
(600, '50001', 'Villavicencio', 16),
(601, '50006', 'Acacias', 16),
(602, '50110', 'Barranca De Upia', 16),
(603, '50124', 'Cabuyaro', 16),
(604, '50150', 'Castilla La Nueva', 16),
(605, '50223', 'San Luis De Cubarral', 16),
(606, '50226', 'Cumaral', 16),
(607, '50245', 'El Calvario', 16),
(608, '50251', 'El Castillo', 16),
(609, '50270', 'El Dorado', 16),
(610, '50287', 'Fuente De Oro', 16),
(611, '50313', 'Granada', 16),
(612, '50318', 'Guamal', 16),
(613, '50325', 'Mapiripan', 16),
(614, '50330', 'Mesetas', 16),
(615, '50350', 'La Macarena', 16),
(616, '50370', 'Uribe', 16),
(617, '50400', 'Lejanias', 16),
(618, '50450', 'Puerto Concordia', 16),
(619, '50568', 'Puerto Gaitan', 16),
(620, '50573', 'Puerto Lopez', 16),
(621, '50577', 'Puerto Lleras', 16),
(622, '50590', 'Puerto Rico', 16),
(623, '50606', 'Restrepo', 16),
(624, '50680', 'San Carlos De Guaroa', 16),
(625, '50683', 'San Juan De Arama', 16),
(626, '50686', 'San Juanito', 16),
(627, '50689', 'San Martin', 16),
(628, '50711', 'Vistahermosa', 16),
(629, '52001', 'Pasto', 17),
(630, '52019', 'Alban', 17),
(631, '52022', 'Aldana', 17),
(632, '52036', 'Ancuya', 17),
(633, '52079', 'Barbacoas', 17),
(634, '52110', 'Buesaco', 17),
(635, '52203', 'Colon', 17),
(636, '52207', 'Consaca', 17),
(637, '52210', 'Contadero', 17),
(638, '52215', 'Cordoba', 17),
(639, '52224', 'Cuaspud', 17),
(640, '52227', 'Cumbal', 17),
(641, '52233', 'Cumbitara', 17),
(642, '52240', 'Chachagüi', 17),
(643, '52254', 'El Peñol', 17),
(644, '52256', 'El Rosario', 17),
(645, '52260', 'El Tambo', 17),
(646, '52287', 'Funes', 17),
(647, '52317', 'Guachucal', 17),
(648, '52320', 'Guaitarilla', 17),
(649, '52323', 'Gualmatan', 17),
(650, '52352', 'Iles', 17),
(651, '52354', 'Imues', 17),
(652, '52356', 'Ipiales', 17),
(653, '52378', 'La Cruz', 17),
(654, '52381', 'La Florida', 17),
(655, '52385', 'La Llanada', 17),
(656, '52399', 'La Union', 17),
(657, '52405', 'Leiva', 17),
(658, '52418', 'Los Andes', 17),
(659, '52435', 'Mallama', 17),
(660, '52480', 'Nariño', 17),
(661, '52506', 'Ospina', 17),
(662, '52540', 'Policarpa', 17),
(663, '52560', 'Potosi', 17),
(664, '52573', 'Puerres', 17),
(665, '52585', 'Pupiales', 17),
(666, '52612', 'Ricaurte', 17),
(667, '52678', 'Samaniego', 17),
(668, '52683', 'Sandona', 17),
(669, '52685', 'San Bernardo', 17),
(670, '52687', 'San Lorenzo', 17),
(671, '52693', 'San Pablo', 17),
(672, '52699', 'Santacruz', 17),
(673, '52720', 'Sapuyes', 17),
(674, '52786', 'Taminango', 17),
(675, '52788', 'Tangua', 17),
(676, '52835', 'San Andres De Tumaco', 17),
(677, '52838', 'Tuquerres', 17),
(678, '52885', 'Yacuanquer', 17),
(679, '54001', 'Cucuta', 18),
(680, '54003', 'Abrego', 18),
(681, '54051', 'Arboledas', 18),
(682, '54099', 'Bochalema', 18),
(683, '54109', 'Bucarasica', 18),
(684, '54125', 'Cacota', 18),
(685, '54128', 'Cachira', 18),
(686, '54172', 'Chinacota', 18),
(687, '54174', 'Chitaga', 18),
(688, '54206', 'Convencion', 18),
(689, '54223', 'Cucutilla', 18),
(690, '54239', 'Durania', 18),
(691, '54245', 'El Carmen', 18),
(692, '54250', 'El Tarra', 18),
(693, '54261', 'El Zulia', 18),
(694, '54313', 'Gramalote', 18),
(695, '54347', 'Herran', 18),
(696, '54377', 'Labateca', 18),
(697, '54385', 'La Esperanza', 18),
(698, '54398', 'La Playa', 18),
(699, '54405', 'Los Patios', 18),
(700, '54418', 'Lourdes', 18),
(701, '54480', 'Mutiscua', 18),
(702, '54498', 'Ocaña', 18),
(703, '54518', 'Pamplona', 18),
(704, '54520', 'Pamplonita', 18),
(705, '54553', 'Puerto Santander', 18),
(706, '54599', 'Ragonvalia', 18),
(707, '54660', 'Salazar', 18),
(708, '54673', 'San Cayetano', 18),
(709, '54680', 'Santiago', 18),
(710, '54720', 'Sardinata', 18),
(711, '54743', 'Silos', 18),
(712, '54800', 'Teorama', 18),
(713, '54810', 'Tibu', 18),
(714, '54820', 'Toledo', 18),
(715, '54871', 'Villa Caro', 18),
(716, '54874', 'Villa Del Rosario', 18),
(717, '63001', 'Armenia', 19),
(718, '63111', 'Buenavista', 19),
(719, '63130', 'Calarca', 19),
(720, '63130', 'Calarca', 19),
(721, '63190', 'Circasia', 19),
(722, '63212', 'Cordoba', 19),
(723, '63272', 'Filandia', 19),
(724, '63302', 'Genova', 19),
(725, '63401', 'La Tebaida', 19),
(726, '63470', 'Montenegro', 19),
(727, '63548', 'Pijao', 19),
(728, '63594', 'Quimbaya', 19),
(729, '63690', 'Salento', 19),
(730, '66001', 'Pereira', 20),
(731, '66045', 'Apia', 20),
(732, '66075', 'Balboa', 20),
(733, '66088', 'Belen De Umbria', 20),
(734, '66170', 'Dosquebradas', 20),
(735, '66318', 'Guatica', 20),
(736, '66383', 'La Celia', 20),
(737, '66400', 'La Virginia', 20),
(738, '66440', 'Marsella', 20),
(739, '66456', 'Mistrato', 20),
(740, '66572', 'Pueblo Rico', 20),
(741, '66594', 'Quinchia', 20),
(742, '66682', 'Santa Rosa De Cabal', 20),
(743, '66687', 'Santuario', 20),
(744, '68001', 'Bucaramanga', 21),
(745, '68013', 'Aguada', 21),
(746, '68051', 'Aratoca', 21),
(747, '68077', 'Barbosa', 21),
(748, '68079', 'Barichara', 21),
(749, '68081', 'Barrancabermeja', 21),
(750, '68092', 'Betulia', 21),
(751, '68101', 'Bolivar', 21),
(752, '68132', 'California', 21),
(753, '68147', 'Capitanejo', 21),
(754, '68152', 'Carcasi', 21),
(755, '68162', 'Cerrito', 21),
(756, '68167', 'Charala', 21),
(757, '68169', 'Charta', 21),
(758, '68176', 'Chima', 21),
(759, '68179', 'Chipata', 21),
(760, '68190', 'Cimitarra', 21),
(761, '68207', 'Concepcion', 21),
(762, '68209', 'Confines', 21),
(763, '68217', 'Coromoro', 21),
(764, '68229', 'Curiti', 21),
(765, '68235', 'El Carmen De Chucuri', 21),
(766, '68245', 'El Guacamayo', 21),
(767, '68250', 'El Peñon', 21),
(768, '68255', 'El Playon', 21),
(769, '68271', 'Florian', 21),
(770, '68276', 'Floridablanca', 21),
(771, '68296', 'Galan', 21),
(772, '68298', 'Gambita', 21),
(773, '68307', 'Giron', 21),
(774, '68318', 'Guaca', 21),
(775, '68320', 'Guadalupe', 21),
(776, '68322', 'Guapota', 21),
(777, '68324', 'Guavata', 21),
(778, '68327', 'Güepsa', 21),
(779, '68344', 'Hato', 21),
(780, '68368', 'Jesus Maria', 21),
(781, '68385', 'Landazuri', 21),
(782, '68397', 'La Paz', 21),
(783, '68406', 'Lebrija', 21),
(784, '68418', 'Los Santos', 21),
(785, '68432', 'Malaga', 21),
(786, '68444', 'Matanza', 21),
(787, '68464', 'Mogotes', 21),
(788, '68468', 'Molagavita', 21),
(789, '68498', 'Ocamonte', 21),
(790, '68500', 'Oiba', 21),
(791, '68524', 'Palmas Del Socorro', 21),
(792, '68533', 'Paramo', 21),
(793, '68547', 'Piedecuesta', 21),
(794, '68549', 'Pinchote', 21),
(795, '68572', 'Puente Nacional', 21),
(796, '68573', 'Puerto Parra', 21),
(797, '68575', 'Puerto Wilches', 21),
(798, '68615', 'Rionegro', 21),
(799, '68655', 'Sabana De Torres', 21),
(800, '68669', 'San Andres', 21),
(801, '68679', 'San Gil', 21),
(802, '68682', 'San Joaquin', 21),
(803, '68684', 'San Jose De Miranda', 21),
(804, '68686', 'San Miguel', 21),
(805, '68689', 'San Vicente De Chucuri', 21),
(806, '68705', 'Santa Barbara', 21),
(807, '68720', 'Santa Helena Del Opon', 21),
(808, '68745', 'Simacota', 21),
(809, '68755', 'Socorro', 21),
(810, '68770', 'Suaita', 21),
(811, '68820', 'Tona', 21),
(812, '68855', 'Valle De San Jose', 21),
(813, '68861', 'Velez', 21),
(814, '68872', 'Villanueva', 21),
(815, '68895', 'Zapatoca', 21),
(816, '70001', 'Sincelejo', 22),
(817, '70110', 'Buenavista', 22),
(818, '70124', 'Caimito', 22),
(819, '70204', 'Coloso', 22),
(820, '70215', 'Corozal', 22),
(821, '70221', 'Coveñas', 22),
(822, '70235', 'Galeras', 22),
(823, '70418', 'Los Palmitos', 22),
(824, '70429', 'Majagual', 22),
(825, '70473', 'Morroa', 22),
(826, '70508', 'Ovejas', 22),
(827, '70523', 'Palmito', 22),
(828, '70670', 'Sampues', 22),
(829, '70678', 'San Benito Abad', 22),
(830, '70702', 'San Juan De Betulia', 22),
(831, '70708', 'San Marcos', 22),
(832, '70713', 'San Onofre', 22),
(833, '70717', 'San Pedro', 22),
(834, '70742', 'San Luis De Since', 22),
(835, '70771', 'Sucre', 22),
(836, '70820', 'Santiago De Tolu', 22),
(837, '70823', 'Tolu Viejo', 22),
(838, '73001', 'Ibague', 23),
(839, '73024', 'Alpujarra', 23),
(840, '73026', 'Alvarado', 23),
(841, '73030', 'Ambalema', 23),
(842, '73043', 'Anzoategui', 23),
(843, '73055', 'Armero', 23),
(844, '73067', 'Ataco', 23),
(845, '73124', 'Cajamarca', 23),
(846, '73148', 'Carmen De Apicala', 23),
(847, '73152', 'Casabianca', 23),
(848, '73168', 'Chaparral', 23),
(849, '73200', 'Coello', 23),
(850, '73217', 'Coyaima', 23),
(851, '73226', 'Cunday', 23),
(852, '73236', 'Dolores', 23),
(853, '73268', 'Espinal', 23),
(854, '73270', 'Falan', 23),
(855, '73275', 'Flandes', 23),
(856, '73283', 'Fresno', 23),
(857, '73319', 'Guamo', 23),
(858, '73347', 'Herveo', 23),
(859, '73349', 'Honda', 23),
(860, '73352', 'Icononzo', 23),
(861, '73408', 'Lerida', 23),
(862, '73411', 'Libano', 23),
(863, '73443', 'San Sebastian De Mariquita', 23),
(864, '73449', 'Melgar', 23),
(865, '73461', 'Murillo', 23),
(866, '73483', 'Natagaima', 23),
(867, '73504', 'Ortega', 23),
(868, '73520', 'Palocabildo', 23),
(869, '73547', 'Piedras', 23),
(870, '73555', 'Planadas', 23),
(871, '73563', 'Prado', 23),
(872, '73585', 'Purificacion', 23),
(873, '73616', 'Rioblanco', 23),
(874, '73622', 'Roncesvalles', 23),
(875, '73624', 'Rovira', 23),
(876, '73671', 'Saldaña', 23),
(877, '73675', 'San Antonio', 23),
(878, '73678', 'San Luis', 23),
(879, '73686', 'Santa Isabel', 23),
(880, '73770', 'Suarez', 23),
(881, '73854', 'Valle De San Juan', 23),
(882, '73861', 'Venadillo', 23),
(883, '73870', 'Villahermosa', 23),
(884, '76001', 'Cali', 24),
(885, '76020', 'Alcala', 24),
(886, '76036', 'Andalucia', 24),
(887, '76041', 'Ansermanuevo', 24),
(888, '76054', 'Argelia', 24),
(889, '76100', 'Bolivar', 24),
(890, '76109', 'Buenaventura', 24),
(891, '76111', 'Guadalajara De Buga', 24),
(892, '76113', 'Bugalagrande', 24),
(893, '76122', 'Caicedonia', 24),
(894, '76126', 'Calima', 24),
(895, '76130', 'Candelaria', 24),
(896, '76147', 'Cartago', 24),
(897, '76233', 'Dagua', 24),
(898, '76243', 'El Aguila', 24),
(899, '76246', 'El Cairo', 24),
(900, '76248', 'El Cerrito', 24),
(901, '76250', 'El Dovio', 24),
(902, '76275', 'Florida', 24),
(903, '76306', 'Ginebra', 24),
(904, '76318', 'Guacari', 24),
(905, '76364', 'Jamundi', 24),
(906, '76377', 'La Cumbre', 24),
(907, '76400', 'La Union', 24),
(908, '76403', 'La Victoria', 24),
(909, '76497', 'Obando', 24),
(910, '76520', 'Palmira', 24),
(911, '76563', 'Pradera', 24),
(912, '76606', 'Restrepo', 24),
(913, '76616', 'Riofrio', 24),
(914, '76622', 'Roldanillo', 24),
(915, '76670', 'San Pedro', 24),
(916, '76736', 'Sevilla', 24),
(917, '76823', 'Toro', 24),
(918, '76828', 'Trujillo', 24),
(919, '76834', 'Tulua', 24),
(920, '76845', 'Ulloa', 24),
(921, '76863', 'Versalles', 24),
(922, '76869', 'Vijes', 24),
(923, '76890', 'Yotoco', 24),
(924, '76892', 'Yumbo', 24),
(925, '76895', 'Zarzal', 24),
(926, '81001', 'Arauca', 25),
(927, '81065', 'Arauquita', 25),
(928, '81220', 'Cravo Norte', 25),
(929, '81300', 'Fortul', 25),
(930, '81591', 'Puerto Rondon', 25),
(931, '81736', 'Saravena', 25),
(932, '81794', 'Tame', 25),
(933, '85001', 'Yopal', 26),
(934, '85010', 'Aguazul', 26),
(935, '85015', 'Chameza', 26),
(936, '85125', 'Hato Corozal', 26),
(937, '85136', 'La Salina', 26),
(938, '85139', 'Mani', 26),
(939, '85162', 'Monterrey', 26),
(940, '85225', 'Nunchia', 26),
(941, '85230', 'Orocue', 26),
(942, '85250', 'Paz De Ariporo', 26),
(943, '85263', 'Pore', 26),
(944, '85279', 'Recetor', 26),
(945, '85300', 'Sabanalarga', 26),
(946, '85315', 'Sacama', 26),
(947, '85325', 'San Luis De Palenque', 26),
(948, '85410', 'Tauramena', 26),
(949, '85430', 'Trinidad', 26),
(950, '85440', 'Villanueva', 26),
(951, '86001', 'Mocoa', 27),
(952, '86219', 'Colon', 27),
(953, '86320', 'Orito', 27),
(954, '86568', 'Puerto Asis', 27),
(955, '86569', 'Puerto Caicedo', 27),
(956, '86573', 'Puerto Leguizamo', 27),
(957, '86749', 'Sibundoy', 27),
(958, '86755', 'San Francisco', 27),
(959, '86757', 'San Miguel', 27),
(960, '86760', 'Santiago', 27),
(961, '86865', 'Valle Del Guamuez', 27),
(962, '86885', 'Villagarzon', 27),
(963, '88001', 'San Andres', 28),
(964, '88564', 'Providencia', 28),
(965, '91001', 'Leticia', 29),
(966, '94001', 'Inirida', 30),
(967, '95001', 'San Jose Del Guaviare', 31),
(968, '95015', 'Calamar', 31),
(969, '95025', 'El Retorno', 31),
(970, '99001', 'Puerto Carreño', 33),
(971, '99773', 'Cumaribo', 33);

-- ----------------------------
-- Records of tipo_vehiculo
-- ----------------------------
BEGIN;
INSERT INTO `tipo_vehiculo` VALUES (1, 'Automovil');
INSERT INTO `tipo_vehiculo` VALUES (2, 'Bicicleta');
INSERT INTO `tipo_vehiculo` VALUES (3, 'Bus');
INSERT INTO `tipo_vehiculo` VALUES (4, 'Buseta');
INSERT INTO `tipo_vehiculo` VALUES (5, 'Camión');
INSERT INTO `tipo_vehiculo` VALUES (6, 'Camioneta');
INSERT INTO `tipo_vehiculo` VALUES (7, 'Campero');
INSERT INTO `tipo_vehiculo` VALUES (8, 'Carro De Golf');
INSERT INTO `tipo_vehiculo` VALUES (9, 'Cuatrimoto');
INSERT INTO `tipo_vehiculo` VALUES (10, 'Maquinaria Agrícola');
INSERT INTO `tipo_vehiculo` VALUES (11, 'Maquinaria Industrial');
INSERT INTO `tipo_vehiculo` VALUES (12, 'Microbus');
INSERT INTO `tipo_vehiculo` VALUES (13, 'Motocarro');
INSERT INTO `tipo_vehiculo` VALUES (14, 'Motocicleta');
INSERT INTO `tipo_vehiculo` VALUES (15, 'Motociclo');
INSERT INTO `tipo_vehiculo` VALUES (16, 'Mototriciclo');
INSERT INTO `tipo_vehiculo` VALUES (17, 'No Aplica');
INSERT INTO `tipo_vehiculo` VALUES (18, 'Peatón');
INSERT INTO `tipo_vehiculo` VALUES (19, 'Remolque');
INSERT INTO `tipo_vehiculo` VALUES (20, 'Segway');
INSERT INTO `tipo_vehiculo` VALUES (21, 'Semi Remolque');
INSERT INTO `tipo_vehiculo` VALUES (22, 'Sin Información');
INSERT INTO `tipo_vehiculo` VALUES (23, 'Tracción Animal');
INSERT INTO `tipo_vehiculo` VALUES (24, 'Tracción Humana');
INSERT INTO `tipo_vehiculo` VALUES (25, 'Tractocamión');
INSERT INTO `tipo_vehiculo` VALUES (26, 'Volqueta');
COMMIT;

INSERT INTO `objeto_colision` (`id`, `nombre`) VALUES
(1, 'Motocicleta'),
(2, 'Automovil'),
(3, 'Sin Informacion'),
(4, 'Objeto Fijo'),
(5, 'Camioneta'),
(6, 'Tractocamion'),
(7, 'Traccion Humana'),
(8, 'Animal En Via'),
(9, 'Buseta'),
(10, 'Camion'),
(11, 'Volqueta'),
(12, 'Bus'),
(13, 'Motocarro'),
(14, 'Campero'),
(15, 'Microbus'),
(16, 'Bicicleta'),
(17, 'Maquinaria Industrial'),
(18, 'Mototriciclo'),
(19, 'Vehiculos Acuaticos Con Motor'),
(20, 'Maquinaria Agricola'),
(21, 'Camion - Furgon'),
(22, 'Aeronaves Sin Motor'),
(23, 'Avion, Avioneta'),
(24, 'Traccion Animal'),
(25, 'Tren'),
(26, 'Tracto - Camion'),
(27, 'Articulado'),
(28, 'Vehiculos Acuaticos Sin Motor'),
(29, 'Otro'),
(30, 'No Aplica'),
(31, 'Vehiculo Acuatico Con Motor');

INSERT INTO `vehiculo` (`id`, `name`, `id_tipo_de_vehiculo`) VALUES
(1, 'Motocicleta', 1),
(2, 'Bicicleta', 2),
(3, 'Automovil', 3),
(4, 'Peaton', 4),
(5, 'Motocarro', 5),
(6, 'Camioneta', 3),
(7, 'Buseta', 6),
(8, 'Bus', 6),
(9, 'Microbus', 6),
(10, 'Sin Informacion', 7),
(11, 'Cuatrimoto', 5),
(12, 'Tractocamion', 8),
(13, 'Traccion Humana', 9),
(14, 'Campero', 3),
(15, 'Volqueta', 8),
(16, 'Camion', 8),
(17, 'Traccion Animal', 9),
(18, 'Motociclo', 5),
(19, 'Mototriciclo', 5),
(20, 'Semi Remolque', 8),
(21, 'Maquinaria Industrial', 10),
(22, 'Segway', 9),
(23, 'Remolque', 8),
(24, 'Maquinaria Agricola', 11),
(25, 'No Aplica', 7),
(26, 'Carro De Golf', 9);




